Name,Description,No of Datapoints
aami-ec13,ANSI/AAMI EC13 Test Waveforms,10
afdb,MIT-BIH Atrial Fibrillation Database,25
aftdb,AF Termination Challenge Database,80
apnea-ecg,Apnea-ECG Database,86
but-pdb,Brno University of Technology ECG Signal Database with Annotations of P Wave (BUT PDB),50
butppg,Brno University of Technology Smartphone PPG Database (BUT PPG),96
butqdb,Brno University of Technology ECG Quality Database (BUT QDB),36
cdb,MIT-BIH ECG Compression Test Database,168
chf2db,Congestive Heart Failure RR Interval Database,29
chfdb,BIDMC Congestive Heart Failure Database,15
cudb,CU Ventricular Tachyarrhythmia Database,35
ecg-arrhythmia,A large scale 12-lead electrocardiogram database for arrhythmia study,452
ecgdmmld,"ECG Effects of Dofetilide, Moxifloxacin, Dofetilide+Mexiletine, Dofetilide+Lidocaine and Moxifloxacin+Diltiazem",8422
ecgiddb,ECG-ID Database,310
ecgrdvq,"ECG Effects of Ranolazine, Dofetilide, Verapamil, and Quinidine",10455
edb,European ST-T Database,90
ephnogram,EPHNOGRAM: A Simultaneous Electrocardiogram and Phonocardiogram Database,69
fantasia,Fantasia Database,40
fecgsyndb,Fetal ECG Synthetic Database,7000
iafdb,Intracardiac Atrial Fibrillation Database,32
incartdb,St Petersburg INCART 12-lead Arrhythmia Database,75
ludb,Lobachevsky University Electrocardiography Database,200
ludb,Lobachevsky University Electrocardiography Database,200
mghdb,MGH/MF Waveform Database,250
mitdb,MIT-BIH Arrhythmia Database,48
nifecgdb,Non-Invasive Fetal ECG Database,55
norwegian-athlete-ecg,Norwegian Endurance Athlete ECG Database,28
nsrdb,MIT-BIH Normal Sinus Rhythm Database,18
ptb-xl-plus,"PTB-XL+, a comprehensive electrocardiographic feature dataset",42708
ptb-xl-plus,"PTB-XL+, a comprehensive electrocardiographic feature dataset",42708
ptbdb,PTB Diagnostic ECG Database,549
pulse-transit-time-ppg,Pulse Transit Time PPG Dataset,66
pulse-transit-time-ppg,Pulse Transit Time PPG Dataset,66
shareedb,Smart Health for Assessing the Risk of Events via ECG Database,139
slpdb,MIT-BIH Polysomnographic Database,18
stdb,MIT-BIH ST Change Database,28
svdb,MIT-BIH Supraventricular Arrhythmia Database,78
ucddb,St. Vincent's University Hospital / University College Dublin Sleep Apnea Database,50
vfdb,MIT-BIH Malignant Ventricular Ectopy Database,22
wctecgdb,Wilson Central Terminal ECG Database,540
wctecgdb,Wilson Central Terminal ECG Database,540
wearable-exercise-frailty,Wearable-based signals during physical exercises from patients with frailty after open-heart surgery,196
wrist,Wrist PPG During Exercise,19
